<?xml version="1.0" encoding="utf-8"?>
<demos><!--This is an autogenerated file, please do not modify-->
   <name>geom3d</name>
   <type>toolbox</type>
   <icon>HelpIcon.DEMOS</icon>
   <website/>
   <description/>
   <demosection>
      <label>demos-meshes3d</label>
      <demoitem>
         <label>createTrefoilKnot</label>
         <type>other</type>
         <source>createTrefoilKnot</source>
         <file>demos-meshes3d/html/createTrefoilKnot.html</file>
      </demoitem>
      <demoitem>
         <label>demoCutMeshByPlane</label>
         <type>other</type>
         <source>demoCutMeshByPlane</source>
         <file>demos-meshes3d/html/demoCutMeshByPlane.html</file>
      </demoitem>
      <demoitem>
         <label>demoPolyhedra</label>
         <type>other</type>
         <source>demoPolyhedra</source>
         <file>demos-meshes3d/html/demoPolyhedra.html</file>
      </demoitem>
      <demoitem>
         <label>demoRemoveMeshFaces</label>
         <type>other</type>
         <source>demoRemoveMeshFaces</source>
         <file>demos-meshes3d/html/demoRemoveMeshFaces.html</file>
      </demoitem>
      <demoitem>
         <label>demoTriangulateFaces</label>
         <type>other</type>
         <source>demoTriangulateFaces</source>
         <file>demos-meshes3d/html/demoTriangulateFaces.html</file>
      </demoitem>
      <demoitem>
         <label>demoVoronoiCell</label>
         <type>other</type>
         <source>demoVoronoiCell</source>
         <file>demos-meshes3d/html/demoVoronoiCell.html</file>
      </demoitem>
   </demosection>
   <demosection>
      <label>demos-geom3d</label>
      <demoitem>
         <label>demoDrawTubularMesh</label>
         <type>other</type>
         <source>demoDrawTubularMesh</source>
         <file>demos-geom3d/html/demoDrawTubularMesh.html</file>
      </demoitem>
      <demoitem>
         <label>demoGeom3d</label>
         <type>other</type>
         <source>demoGeom3d</source>
         <file>demos-geom3d/html/demoGeom3d.html</file>
      </demoitem>
      <demoitem>
         <label>demoInertiaEllipsoid</label>
         <type>other</type>
         <source>demoInertiaEllipsoid</source>
         <file>demos-geom3d/html/demoInertiaEllipsoid.html</file>
      </demoitem>
      <demoitem>
         <label>demoRevolutionSurface</label>
         <type>other</type>
         <source>demoRevolutionSurface</source>
         <file>demos-geom3d/html/demoRevolutionSurface.html</file>
      </demoitem>
      <demoitem>
         <label>drawSoccerBall</label>
         <type>other</type>
         <source>drawSoccerBall</source>
         <file>demos-geom3d/html/drawSoccerBall.html</file>
      </demoitem>
   </demosection>
</demos>